"site","latitude","longitude","SampleID","date","year","doy","temp_str","spcond","DOC_uM","TDN_uM","Cl_uM","F_uM","NO3_uM","SO4_uM","NH4_uM","TDP_uM","Na_uM","K_uM","Mg_uM","Ca_uM","Br_uM","lat","lon","pH","SRP_uM","SUVA","CO2_uM","CH4_uM","NO2_uM","DON_uM","oxalate_uM","Lt_uM","DOCDON","DOCTDN","DOCDIN","project","ecoregion","type.x","Area_km2","SLOPE_MIN","SLOPE_MAX","SLOPE_MEAN","SLOPE_STD","GRIDCODE","Aspect_Azm","Aspect_Cls","aspect_lin","aspect_lin2","cburntot","fireyear_rct","pctburn_rct","areaburn_rct","fireyear_lg","pctburn_lg","areaburn_lg","Quartzite.and.pelitic.schist","Pelitic.and.quartzitic.schist.of.the.Ruby.terrane","Unconsolidated.surficial.deposits..undivided","Quartz.monzonite..monzonite..and.syenite","Wickersham.and.Neruokpuk.units","Mafic.schist.and.amphibolite","Flysch.and.quartzite..Kandik.Group.and.equivalents","Eclogite.and.associated.rocks","Water","Pelitic.schist..including.Chena.River.sequence","Metagraywacke.and.phyllite","Andesite.and.basalt.flows","Poorly.consolidated.surficial.deposits","Felsic.granitic.rocks","Globe.quartzite.of.Weber.and.others..1992.","Igneous.rocks","Totatlanika.Schist","Mafic.igneous.rocks..central.and.northeast.Alaska","Older.carbonate.strata","Chert.of.Interior.Alaska","Quartz.mica.schist.of.the.Brooks.Range","Keevy.Peak.Formation.and.similar.rocks","Gneiss..schist..and.quartzite","schistTot","lat_new","long_new","type.y","orgsoil_extent","PADR_p25","PADR_p50","PADR_p75","TPI_p25","TPI_p50","TPI_p75","Pf_Prob_1m_mean_x","NDVI_p50__linear_trend__attr_.slope.","NDVI_p50__linear_trend__attr_.stderr.","NDVI_p50__sum_values","NDVI_p50__mean_abs_change","NDVI_p50__mean_change","NDVI_p50__mean_second_derivative_central","NDVI_p50__median","NDVI_p50__mean","NDVI_p50__standard_deviation","NDVI_p50__variation_coefficient","NDVI_p50__variance","NDVI_p50__root_mean_square","NDVI_p50__absolute_sum_of_changes","NDVI_p50__maximum","NDVI_p50__minimum","NDVI_p25","NDVI_p50","NDVI_p75","ObservedFraction","yrsincelg","yrsincerct","schist2","schist3"
"Angel",NA,NA,NA,"2019-07-01",2019,182,5.9,67.8,99.5,33.00207857,4.78802922178659,14.7805032108643,30.9071428571429,108.117299721796,2.67857142857143,0.082,NA,NA,NA,NA,NA,NA,NA,NA,NA,NA,NA,NA,NA,0,NA,NA,NA,3.01496161185583,2.9625691195236,"Burn_Streams","Interior","ppt_gw",94.65221209,0.02422595,42.80474472,19.15298579,7.96142813,1,143.398359272,"135 SE",0.0224832740577765,1.18461886576872,36.68,2011,0.6,0.563674523,1958,32.42,30.69016173,73.26,0,14.53,0,0,0,0,0,0,0,0,0,0,7.75,0,0,0,0,0,0,0,0,0,73.26,65.02474707,-146.217,"ppt_gw",0.03,-1.09788448,-0.800187247,-0.636882527,-56.99313809,-5.018152596,56.98645462,30.51,-0.001362973,0.000863599,7.292025852,0.046101183,-0.0007667,-0.002712196,0.25192803,0.251449167,0.039237843,0.15604682,0.001539608,0.254492224,1.290833134,0.325192399,0.17675765,0.245114436,0.29002146,0.338848209,1,61,8,73.26,73.26
"Baker",NA,NA,NA,"2019-07-02",2019,183,15.4,250.1,684.08333335,18.642857145,17.5048655967055,9.55100536898621,0.0593717142857143,299.50718219497,0.678571428571429,NA,NA,NA,NA,NA,NA,NA,NA,NA,NA,NA,NA,NA,NA,17.9049140021429,NA,NA,38.2064573595902,36.6941251563187,927.013605277758,"Burn_Streams","Interior","ppt_gw",565.0662651,0,43.90822983,6.816145033,6.629319672,2,178.444033334,"180 SO",0.852214275738967,1.29787977124315,102.6,2015,19.91,95.93144645,1969,77.99,440.7161446,0,0,28.68,0,0,0,7.2,0,0,0,0,0,0,0,0,0,0,0,0,0,0,0,0,0,65.0904696,-150.289,"ppt_gw",0.27,-0.832377404,-0.792433214,-0.753702433,-12.97996989,-0.874991588,10.97858869,37.41,0.00047738,0.001061443,5.821117639,0.038083291,0.001401077,-0.000332981,0.24609152,0.242546568,0.034620924,0.142739288,0.001198608,0.245004992,0.875915692,0.298817177,0.142572149,0.201211225,0.236325321,0.267565478,1,50,4,0,0
"Banner",NA,NA,NA,"2019-07-08",2019,189,NA,NA,642.0416667,28.75,16.2637858573322,11.9354668912517,8.36428571428571,601.061715778118,4.82142857142857,0.33075,NA,NA,NA,NA,NA,NA,NA,NA,NA,NA,NA,NA,NA,15.5642857142857,NA,NA,41.2509560982102,22.3318840591304,48.6922174095341,"Burn_Streams","Interior","ppt_gw",52.71696686,0.045715854,42.47064209,13.02450837,6.70388503,3,211.09979587,"225 SW",0.278824551903419,1.99959420158827,0,1940,0,0,1940,0,0,0,0,92.24,0,0,0,0,0,0,0,0,0,0,0,0,0,0,0,0,0,0,0,0,0,64.28996213,-146.35,"ppt_gw",0.02,-0.964568024,-0.785030315,-0.684018149,-30.48804463,0.507007236,33.50801047,24.69,-0.001973035,0.001378894,7.344874557,0.078618908,0.001255795,-0.002080543,0.266584836,0.253271536,0.062177584,0.245497716,0.003866052,0.260792107,2.201329437,0.361373857,0.141602699,0.198237632,0.249016951,0.323230104,1,79,79,0,0
"Bear_Steese",NA,NA,NA,"2019-07-03",2019,184,10.8,160.7,202,12.09642857,2.10842523904888,2.94504684703653,9.65,618.168398342134,0.392857142857143,NA,NA,NA,NA,NA,NA,NA,NA,NA,NA,NA,NA,NA,NA,2.05357142714286,NA,NA,98.3652174597323,16.6991437870327,20.1137980085349,"Burn_Streams","Interior","ppt_gw",25.52658297,0.392254651,31.86089516,14.34942424,4.717770079,4,175.783609798,"180 SO",0.352025632471013,0.294137561149903,0,1940,0,0,1940,0,0,94.45,0,0,0,0,0,0,0,0,0,0,0,0,0,0,0,0,0,0,0,0,0,0,94.45,65.41793199,-145.626,"ppt_gw",0.03,-0.91886292,-0.801493928,-0.69906108,-45.02801135,-0.991277205,43.01936162,47.15,-0.000225776,0.000798482,6.352496786,0.036819681,0.001052033,-0.003359804,0.239249779,0.235277659,0.031146074,0.132380075,0.000970078,0.237330265,0.957311695,0.313501651,0.186525482,0.233395186,0.262683121,0.290040757,1,79,79,94.45,94.45
"Bedrock",NA,NA,NA,"2019-07-03",2019,184,8,71.6,642.4166667,24.785714285,4.21967111386907,11.1011685440573,12.35,297.258842900131,0.857142857142857,0.122,NA,NA,NA,NA,NA,NA,NA,NA,NA,NA,NA,NA,NA,11.5785714278571,NA,NA,55.483240804163,25.9188280520438,48.6416080789616,"Burn_Streams","Interior","ppt_gw",25.80417091,0.308010578,39.88511658,14.84722955,6.589056491,5,29.0347972068,"045 NE",0.21537492066265,1.9929414096619,0,1940,0,0,1940,0,0,74.12,0,16.95,0,0,0,0,0,0,0,0,0,0,0,0,0,0,0,0,0,0,0,0,74.12,65.55917752,-145.094,"ppt_gw",0.06,-1.120088811,-0.956914966,-0.7621697,-44.95065814,0.999788181,44.99004647,51.15,-0.000722814,0.000727361,6.279293824,0.032340488,-0.002890028,0.000772534,0.239258746,0.241511301,0.027269225,0.112910761,0.000743611,0.24304592,0.8085122,0.297831791,0.192396196,0.215782683,0.249016159,0.278304631,1,79,79,74.12,74.12
"Belle",NA,NA,NA,"2019-07-03",2019,184,8.9,150,163,23.54285714,5.983978788819,4.06358564059375,18.8035714285714,219.025719638903,0.607142857142857,NA,NA,NA,NA,NA,NA,NA,NA,NA,NA,NA,NA,NA,NA,4.13214285428574,NA,NA,39.4468453168169,6.92354369016062,8.39742410303589,"Burn_Streams","Interior","ppt_gw",47.07893415,0.137564719,34.58968735,12.46491534,5.03876265,6,167.165892408,"180 SO",0.257391213939527,1.99980191822306,97.2,2004,97.2,45.76099775,2004,97.2,45.76099775,77.67,0,12.54,0,0,0,0,0,0,0,0,0,0,0,0,0,0,0,0,0,0,0,0,77.67,65.21297175,-147.198,"ppt_gw",0.04,-0.956992603,-0.808391887,-0.682526053,-39.47862122,6.52784152,40.5277629,35.77,-0.001667571,0.001310545,5.601557641,0.044991349,-0.002748423,-0.002853429,0.193358374,0.20005563,0.055634819,0.278096742,0.003095233,0.207647509,1.21476643,0.301741704,0.069344221,0.23730856,0.274394448,0.309582772,1,15,15,77.67,77.67
"Bonanza",NA,NA,NA,NA,2018,NA,7.3,59.9,210,15.18571429,6.2,0.835,8.119643429,161.7,NA,0.1020007,59.46146901,11.67428268,57.05803121,164.3120669,NA,66.66126404,-150.6625386,NA,NA,NA,2480,NA,NA,NA,NA,NA,NA,13.8287864495309,NA,"Burn_Streams","Interior","ppt_gw",312.9131424,0.005669575,38.12870789,9.664035604,5.92054568,9,321.852797008,"315 NW",0.975348629238733,0.281232765510911,32.52,2007,0.79,2.476612653,2005,31.73,99.2721142,0,53.64,0,34.4,0,0,0,0,0,0,0,0,0,0,0,0,0,0,0,0,0,0,0,53.64,66.66182258,-150.665,"ppt_gw",0.22,-1.004378348,-0.902455126,-0.816620346,-26.99362434,-0.961333324,22.98646603,38.06,0.00027783,0.001098185,5.863513616,0.046269201,0.00272572,-0.002101728,0.236330098,0.234540545,0.038031584,0.162153557,0.001446401,0.237604016,1.110460826,0.314486931,0.157223463,0.189527163,0.216793732,0.24022637,0.999989727,13,11,0,0
"Boston",NA,NA,NA,"2019-07-03",2019,184,6.1,109.1,132.75,21.525,4.57789185682453,3.91620170544268,19.25,165.616306137512,1.10714285714286,NA,NA,NA,NA,NA,NA,NA,NA,NA,NA,NA,NA,NA,NA,1.16785714285714,NA,NA,113.669724770643,6.16724738675958,6.52105263157895,"Burn_Streams","Interior","ppt_gw",18.38014319,0.108420372,31.31857681,12.72731389,4.558514057,10,196.230059196,"180 SO",0.981300554265486,0.310311170001566,100,2004,100,18.38014319,2004,100,18.38014319,96.95,0,0,0,0,0,0,0,0,0,0,0,0,0,0,0,0,0,0,0,0,0,0,96.95,65.22580063,-147.127,"ppt_gw",0.04,-0.948166096,-0.763935683,-0.657851375,-42.48749886,6.533655203,46.53770245,30.78,-0.002502899,0.001537042,5.648791492,0.047625498,-0.005282075,-0.002665214,0.200199028,0.201742553,0.066458518,0.329422412,0.004416735,0.212407138,1.285888442,0.319286378,0.047790398,0.250981123,0.280274387,0.321254153,1,15,15,96.95,96.95
"Boulder",NA,NA,NA,"2019-07-03",2019,184,9.1,163,720.25,16.42857143,4.61314980396581,9.64838404042531,0.5,637.52909782547,0.192857142857143,0.137,NA,NA,NA,NA,NA,NA,NA,NA,NA,NA,NA,NA,NA,15.7357142871429,NA,NA,45.7716749844964,43.8413043440138,1039.53608247423,"Burn_Streams","Interior","ppt_gw",83.45699515,0.103421099,37.60292053,11.80364175,5.947365035,11,61.1160001917,"045 NE",0.0223208733439994,1.7079802045664,12.75,1996,12.75,10.64007074,1996,12.75,10.64007074,18.66,0,0,0,0,58.84,0,0,0,0,0,0,0,0,0,0,0,0,0,0,0,0,0,77.5,65.57244141,-144.887,"ppt_gw",0.13,-1.020053587,-0.839762327,-0.723393414,-33.00128558,-1.014949565,30.99388407,52.14,-0.000666094,0.00073104,6.13180046,0.030780073,-0.003281981,0.000691854,0.2353594,0.235838479,0.027320755,0.115845195,0.000746424,0.237415694,0.769501821,0.297858958,0.19042359,0.221680468,0.2470642,0.27830898,1,23,23,18.66,18.66
"Camp",NA,NA,NA,"2019-07-03",2019,184,4.5,108.1,110.70833335,21.260714285,5.65537472146222,3.35561638067165,21.3464285714286,185.87123147675,0.607142857142857,0.091,NA,NA,NA,NA,NA,NA,NA,NA,NA,NA,NA,NA,NA,0,NA,NA,NA,5.2071784543997,5.04283932617536,"Burn_Streams","Interior","ppt_gw",4.977086254,0.370345175,25.51952171,13.07162719,4.582965061,15,182.35696017,"180 SO",0.494858326071471,0.120978974079542,101.26,2004,97.21,4.838318202,2004,97.21,4.838318202,92.15,0,0,0,0,0,0,6.98,0,0,0,0,0,0,0,0,0,0,0,0,0,0,0,92.15,65.21996737,-147.01,"ppt_gw",0.01,-0.85735075,-0.666044076,-0.627521242,-31.51971369,13.42177757,45.48174786,29.58,-0.003578882,0.001643249,5.84600961,0.058356134,-0.006508305,-0.002477079,0.1972464,0.208786057,0.073598584,0.352507177,0.005416752,0.22137834,1.575615623,0.356404607,0.077080006,0.264682173,0.29388893,0.33102452,1,15,15,92.15,92.15
"Canyon",NA,NA,NA,"2019-07-08",2019,189,NA,NA,1253.3333335,63.289285715,196.464333060672,14.1409622065481,24.5964285714286,1361.46028501675,13.8928571428571,NA,NA,NA,NA,NA,NA,NA,NA,NA,NA,NA,NA,NA,NA,24.8000000007143,NA,NA,50.537634413867,19.803246621299,32.5631746664192,"Burn_Streams","Interior","ppt_gw",13.81008947,0,29.95570374,9.353532154,5.630544358,16,219.339269724,"225 SW",0.167652383647609,0.650532491499795,0,1940,0,0,1940,0,0,0,0,89.78,0,0,0,0,0,0,0,0,0,0,0,0,0,0,0,0,0,0,0,0,0,64.29282682,-146.485,"ppt_gw",0.01,-0.872835965,-0.787211356,-0.724210779,-28.49046155,-9.522876038,20.49480044,32.83,-0.001598178,0.00106376,6.840748306,0.050285762,0.001187269,-0.001264912,0.233345306,0.235887873,0.048140299,0.204081282,0.002317488,0.24075003,1.408001345,0.336909191,0.155321158,0.206049786,0.250985254,0.313530469,1,79,79,0,0
"Caribou_CJ",NA,NA,NA,"0019-07-25",2019,206,6.5,102.7,156.58333335,26.146714285,4.33672749837813,2.81871775976419,21.5571428571429,81.9366377107818,0.75,NA,NA,NA,NA,NA,NA,NA,NA,NA,NA,NA,NA,NA,NA,3.8395714278571,NA,NA,40.7814612365189,5.9886428422033,7.01942576657059,"Burn_Streams","Interior","ppt_gw",42.63648444,0.027177233,29.57135773,11.29107044,4.469846157,17,148.261417102,"135 SE",0.281755499884731,1.999387030582,0,1940,0,0,1940,0,0,7.93,0,84.4,0,0,0,0,0,0,0,0,0,0,0,0,0,0,0,0,0,0,0,0,7.93,65.15267163,-147.491,"ppt_gw",0.06,-0.938986781,-0.756136631,-0.681278386,-35.51738634,3.520281668,37.49660853,38.91,-0.001176698,0.000719076,6.573251986,0.033338134,-0.002790023,-0.001555003,0.221701121,0.226663862,0.03277477,0.144596363,0.001074186,0.22902116,0.933467759,0.299808039,0.174796252,0.221678922,0.247047948,0.295888501,1,79,79,7.93,7.93
"Caribou_Steese",NA,NA,NA,"2019-07-03",2019,184,8.2,153,112.4583333,24.567857145,4.84162130144134,3.35298452468681,31.6571428571429,268.800317946971,0.5,0.099,NA,NA,NA,NA,NA,NA,NA,NA,NA,NA,NA,NA,NA,0,NA,NA,NA,4.57745796209529,3.4971494140382,"Burn_Streams","Interior","ppt_gw",12.97349163,0.457791299,29.564888,13.34169743,4.909510238,18,189.852386253,"180 SO",0.966373261902611,0.245070330109808,100.28,2019,0.28,0.035891014,2004,100,12.97349163,84.93,0,0,0,0,0,0,10.28,0,0,0,0,0,0,0,0,0,0,0,0,0,0,0,84.93,65.2902378,-146.548,"ppt_gw",0.07,-0.923658415,-0.775581737,-0.693646959,-41.49857875,7.483297461,41.50547067,29.63,-0.001212952,0.001394181,5.299293378,0.042747368,-0.00238941,-0.002063431,0.194309328,0.189260478,0.05825423,0.307799234,0.003393555,0.198022938,1.15417894,0.293924631,0.036146371,0.223647232,0.243135649,0.264680085,1,15,0,84.93,84.93
"Cascaden",NA,NA,NA,"2019-07-02",2019,183,12.5,115.6,1657.0833335,48.628571425,4.12517981553042,6.9059901042215,7.19285714285714,258.58400045421,1.03571428571429,NA,NA,NA,NA,NA,NA,NA,NA,NA,NA,NA,NA,NA,NA,40.3999999964286,NA,NA,41.0169141991705,34.0763317724792,201.381655112847,"Burn_Streams","Interior","ppt_gw",18.59891608,0.172023088,33.00093842,6.858927623,4.059954182,19,134.022306966,"135 SE",0.969729307192297,0.863469374120074,95.85,2010,92.47,17.19762243,2010,92.47,17.19762243,0,0,20.97,0,0,0,73.3,0,0,0,0,0,0,0,0,0,0,0,0,0,0,0,0,0,65.38338789,-148.942,"ppt_gw",0.03,-0.824360647,-0.768481191,-0.73896449,-20.4993834,-2.495104997,19.49615622,52.24,-0.003236037,0.001068793,4.78364638,0.034778668,-0.00304858,-0.00122155,0.193370467,0.183986399,0.046164672,0.250913503,0.002131177,0.189689673,0.869466694,0.258833163,0.061514523,0.147479887,0.166998245,0.192365854,1,9,9,0,0
"Chatanika_Elliott",NA,NA,NA,NA,2018,NA,11.9,205.4,236.25,20.65,8.4,3.201,13,359.9,NA,0,50.57313315,23.17896247,289.510613,546.3444516,0.150180216,65.08591944,-147.7197417,NA,NA,NA,1330,NA,NA,NA,NA,NA,NA,11.4406779661017,NA,NA,NA,NA,NA,NA,NA,NA,NA,NA,NA,NA,NA,NA,NA,NA,NA,NA,NA,NA,NA,NA,NA,NA,NA,NA,NA,NA,NA,NA,NA,NA,NA,NA,NA,NA,NA,NA,NA,NA,NA,NA,NA,NA,NA,NA,NA,NA,NA,NA,NA,NA,NA,NA,NA,NA,NA,NA,NA,NA,NA,NA,NA,NA,NA,NA,NA,NA,NA,NA,NA,NA,NA,NA,NA,NA,NA,NA,NA
"Chena",NA,NA,NA,NA,2018,NA,3.7,274.3,294.8333333,29.65,7,7.6364,17.7,352.2,NA,0.094774294,50.77993498,23.1059773,264.263372,716.7512226,0.06257509,64.88077778,-146.7334583,NA,NA,NA,1730,NA,NA,NA,NA,NA,NA,9.94378864418212,NA,"Burn_Streams","Interior","ppt_gw",3310.345048,0,49.72601318,14.6534364,7.688174094,21,236.130548165,"225 SW",0.325628598718761,1.99149975863759,54.11,2018,0.31,10.4061265,1958,11.94,226.5285416,32.65,0,0,0,0,0,0,0,0,0,0,0,0,0,0,0,0,0,0,0,0,0,0,32.65,64.88119369,-146.723,"ppt_gw",0.08,-1.042866403,-0.840010803,-0.714920242,-44.99345263,-4.98890009,42.99345581,38.49,-8.31e-05,0.000835615,5.417952259,0.036281456,-0.000487715,-0.001995231,0.212896269,0.21671809,0.028904473,0.133373606,0.000835469,0.218637141,0.870754947,0.261690067,0.166024602,0.142590657,0.189459891,0.22850458,0.999956722,60,0,32.65,32.65
"Colorado",NA,NA,NA,"2019-07-01",2019,182,9.7,122.1,266.70833335,14.364285715,6.40848447240008,12.7960837982946,7.46428571428571,192.862090501334,0.785714285714286,0.21575,NA,NA,NA,NA,NA,NA,NA,NA,NA,NA,NA,NA,NA,6.114285715,NA,NA,43.6205218044836,18.5674622909713,32.328282830303,"Burn_Streams","Interior","ppt_gw",100.567645,0.073587343,39.40947342,14.25914816,6.967560142,24,189.543956219,"180 SO",0.889643489583914,0.0816160101688608,68.33,1967,5.52,5.548388641,1958,62.55,62.90303131,28.7,0,33.92,0,0,0,0,0,0,23.2,0,0,0,0,0,0,0,0,0,0,0,0,0,51.9,64.90924117,-146.642,"ppt_gw",0.06,-0.957248139,-0.777843988,-0.660254855,-43.00180878,-7.027252537,43.00214277,25.24,-0.001932826,0.000911686,7.700195404,0.049286527,-0.003313176,-0.002785089,0.270505565,0.265523979,0.042806799,0.161216321,0.001832422,0.268952423,1.380022748,0.337884593,0.186522733,0.262696798,0.309567898,0.362309528,1,61,52,28.7,51.9
"Cripple",NA,NA,NA,"2019-07-03",2019,184,9,158.1,148.41666665,16.39642857,10.8397032691169,3.51352773976208,12.425,230.183955033214,0.192857142857143,NA,NA,NA,NA,NA,NA,NA,NA,NA,NA,NA,NA,NA,NA,3.77857142714286,NA,NA,39.2785129278936,9.0517679515619,11.7624304166431,"Burn_Streams","Interior","ppt_gw",31.55695618,0.064262114,34.51337433,13.75922742,5.108002457,25,194.617928897,"180 SO",0.344765955053252,0.305012065789991,108.46,2019,2.22,0.699724564,2004,100,31.55695618,89.2,0,0,0,0,0,0,10.8,0,0,0,0,0,0,0,0,0,0,0,0,0,0,0,89.2,65.28130916,-146.647,"ppt_gw",0.07,-0.965288477,-0.800921262,-0.675782775,-49.01283982,1.023658409,42.98945876,31.03,-0.001743636,0.001386212,5.401910871,0.041809964,-0.003328584,-0.0017269,0.196312004,0.192925388,0.058807694,0.304820919,0.003458345,0.201689242,1.128869019,0.307578853,0.036126665,0.206055574,0.229504359,0.254879163,1,15,0,89.2,89.2
"Cushman",NA,NA,NA,"2019-07-02",2019,183,7,228.5,214.70833335,18.60357143,5.57075564832313,6.79808400884304,14.6642857142857,221.79583262363,0.75,NA,NA,NA,NA,NA,NA,NA,NA,NA,NA,NA,NA,NA,NA,3.1892857157143,NA,NA,67.3217618265073,11.5412427209414,13.9291782525487,"Burn_Streams","Interior","ppt_gw",18.16216524,0.05210451,26.37282181,9.485341549,3.829764472,28,175.523781718,"180 SO",0.234289704507745,0.499815472809783,84.84,1971,84.84,15.40945846,1971,84.84,15.40945846,16.2,0,60.02,0,19.85,0,0,0,0,0,0,0,0,0,0,0,0,0,0,0,0,0,0,16.2,65.15920517,-147.915,"ppt_gw",0.09,-0.881842191,-0.735087023,-0.681960724,-29.52182963,-0.449056682,29.52888819,45.14,-0.000169181,0.000737593,6.865651685,0.0359315,-0.001201773,-0.001367176,0.258830504,0.254283396,0.028755314,0.113083726,0.000826868,0.25590411,0.93421899,0.295875552,0.181153532,0.211932119,0.229512713,0.247071334,1,48,48,16.2,16.2
"Fish",NA,NA,NA,NA,2018,NA,8.4,41,253.0833333,13.55,9.8,5.0749,3.322760434,79.1,NA,0.081163154,57.69090241,10.59008409,48.91313255,95.01962857,NA,66.54326292,-150.795947,NA,NA,NA,1220,NA,NA,NA,NA,NA,NA,18.6777367749077,NA,"Burn_Streams","Interior","ppt_gw",270.3058474,0.028506609,37.19037247,9.606784197,5.45511483,30,329.945693839,"315 NW",0.538165131599347,1.84559776243528,2.48,1990,2.48,6.705406207,1990,2.48,6.705406207,0,6.14,63.81,15.71,0,0,0,0,0,0,0,0,0,0,0,0,0,0,0,0,0,0,0,6.14,66.5387524,-150.793,"ppt_gw",0.23,-1.019258282,-0.917520356,-0.816358256,-24.99129261,-0.995869493,24.990814,36.89,0.00135913,0.001058942,5.81732268,0.048700753,0.003099488,-0.001687442,0.24511293,0.242388445,0.035645629,0.147059934,0.001270611,0.244995447,1.120117319,0.306651547,0.168933513,0.189494639,0.216789088,0.244121009,0.99999205,28,28,0,0
"Fish_Steese",NA,NA,NA,"2019-07-03",2019,184,9.8,162.4,229.04166665,14.214285715,2.15355541138973,2.25550057900832,10.6571428571429,216.178390961222,1.46428571428571,NA,NA,NA,NA,NA,NA,NA,NA,NA,NA,NA,NA,NA,NA,2.09285714357139,NA,NA,109.439704164016,16.1134840851199,18.895600077195,"Burn_Streams","Interior","ppt_gw",17.66898102,0.434218198,30.00032234,12.80362258,4.446336132,31,171.43251444,"180 SO",0.999074756127585,0.586893362160162,0,1940,0,0,1940,0,0,93.56,0,0,0,0,0,0,0,0,0,0,0,0,0,0,0,0,0,0,0,0,0,0,93.56,65.42664839,-145.57,"ppt_gw",0.07,-0.857545549,-0.763707232,-0.724995425,-41.00432156,0.958667045,43.00238048,54.13,-0.000430148,0.000777478,6.802362906,0.037911283,0.000795229,-0.003003824,0.249513097,0.242941532,0.032211168,0.132588149,0.001037559,0.245067639,1.023604635,0.321281757,0.192386306,0.231426167,0.256843975,0.280263672,1,79,79,93.56,93.56
"Flat",NA,NA,NA,"2019-07-01",2019,182,12.9,182.8,586.66666665,28.242857145,5.59050009872225,11.6275397410254,15.3857142857143,376.830182251746,1.28571428571429,0.981,NA,NA,NA,NA,NA,NA,NA,NA,NA,NA,NA,NA,NA,11.5714285735714,NA,NA,50.6995884665372,20.7722137897745,35.1899457287917,"Burn_Streams","Interior","ppt_gw",65.00555062,0,34.25593567,10.58208239,6.218818063,32,192.258699761,"180 SO",0.27503895383368,1.99979941247771,12.98,1959,0.01,0.008400883,1958,12.97,8.433583791,0,0,67.18,0,0,0,0,0,0,19.96,0,0,0,0,0,0,0,0,0,0,0,0,0,19.96,64.88940444,-146.764,"ppt_gw",0.14,-0.910716232,-0.794452556,-0.707212877,-28.99728475,-4.997917353,30.99063403,35.09,-0.000746381,0.000726926,6.86617038,0.036096808,-0.002222098,-0.000418494,0.225575987,0.228872346,0.033914399,0.148180414,0.001150186,0.231371427,1.04680744,0.290000254,0.153313732,0.213883898,0.23730387,0.272454719,1,61,60,0,19.96
"FortHamlinHills",NA,NA,NA,NA,2018,NA,10.9,252.6,767.9166667,22.32142857,43,75.3808,3.6,230.4,NA,0.4032475,287.3230754,14.02325407,219.8373681,699.4908573,0.490588706,66.0289,-150.1252361,NA,NA,NA,900,NA,NA,NA,NA,NA,NA,34.4026666703618,NA,"Burn_Streams","Interior","ppt_gw",93.64118258,0,40.68807602,8.274197964,5.460788645,33,310.414132822,"315 NW",0.843883924531354,1.31995203629038,28.3,2009,0.94,0.878765426,1999,22.4,20.97751086,0,0,0,51.85,0,0,0,0,0,0,12.57,14.04,13.07,0,0,0,0,0,0,0,0,0,0,0,66.03198156,-150.13,"ppt_gw",0.1,-1.004012984,-0.887117078,-0.793441722,-18.9683887,-2.992905943,17.00703595,59.5,-0.00014401,0.000590088,4.652272672,0.019262259,-0.00062126,-0.000279563,0.206046688,0.202272725,0.017962552,0.088803629,0.000322653,0.203068729,0.423769695,0.231441985,0.157221688,0.19043633,0.208003182,0.227527871,1,19,9,0,0
"French",NA,NA,NA,NA,2019,NA,NA,109.646753246753,451.208333333333,26.8142857142857,5.98595323385891,5.68358072779591,12.4288095238095,80.6130224327278,0.519371840864537,0.978375,139.25902261939,20.9875100737306,161.933026778333,290.871641425884,0.0300360432519023,NA,NA,NA,NA,NA,NA,NA,NA,13.8661043496117,NA,NA,32.5403820681596,16.8271621381637,34.847236119533,"Burn_Streams","Interior","ppt_gw",44.16733786,0.000392203,39.03131866,12.34739776,7.366428915,34,252.293537055,"270 WE",0.862575954199148,0.0522047833836089,7.34,2013,0,0.001958659,1997,7.34,3.240911096,0,0,63.19,0,0,0,0,0,0,0,0,0,0,19.49,0,0,0,0,0,0,0,0,0,0,64.60891647,-146.925,"ppt_gw",0.05,-0.971997359,-0.823950147,-0.706340603,-32.49275192,-5.498861858,30.49343442,32.33,-0.000507484,0.000843601,6.377817381,0.055560363,-0.001817532,-0.000733591,0.218723661,0.212593913,0.038886073,0.182912447,0.001512127,0.216121027,1.611250522,0.274426199,0.13377888,0.225617779,0.26075781,0.323239004,1,22,6,0,0
"Globe",NA,NA,NA,"2019-07-02",2019,183,9.2,251.9,245.875,23.92857143,10.3136546977689,7.97452363406674,20.8785714285714,1100.93113041503,1.07142857142857,NA,NA,NA,NA,NA,NA,NA,NA,NA,NA,NA,NA,NA,NA,1.97857143000003,NA,NA,124.268952978865,10.2753731337149,11.2015945330296,"Burn_Streams","Interior","ppt_gw",67.38490172,0.019524027,39.37327194,11.15947707,5.660981045,35,211.601133963,"225 SW",0.0905314681620551,1.89027458481137,2.93,1957,2.93,1.976901881,1957,2.93,1.976901881,0,0,46.42,0,29.86,0,0,0,0,0,0,0,0,0,10.67,0,0,0,0,0,0,0,0,0,65.28415731,-148.136,"ppt_gw",0.04,-1.011824509,-0.793217371,-0.708036409,-33.02766868,-4.985763793,29.02311939,43.86,-0.00039916,0.000484765,6.095739073,0.026549792,-0.002242533,0.000676443,0.215814686,0.217704967,0.020225442,0.092902986,0.000409068,0.21864245,0.716844388,0.266604231,0.190419341,0.192379815,0.215819198,0.237304464,1,62,62,0,0
"Grouse",NA,NA,NA,"2019-07-03",2019,184,5.7,118.2,159,21.367857145,6.11372803429893,4.23202442362354,22.025,219.387952080849,0.464285714285714,NA,NA,NA,NA,NA,NA,NA,NA,NA,NA,NA,NA,NA,NA,0,NA,NA,NA,7.44108306794841,7.07003334921391,"Burn_Streams","Interior","ppt_gw",8.259731746,0.554071963,28.78962326,13.63491074,4.475627322,37,173.9350438,"180 SO",0.0812811224760145,1.87475309940647,130.8,2004,100,8.259731747,2004,100,8.259731747,89.2,0,0,0,0,0,0,10.8,0,0,0,0,0,0,0,0,0,0,0,0,0,0,0,89.2,65.23314195,-146.882,"ppt_gw",0.06,-0.951447959,-0.778908897,-0.673781071,-44.49495281,7.533860266,46.49897181,32.51,-0.000625007,0.001406021,5.54525748,0.045430825,-0.003253596,-0.002329607,0.20142444,0.19804491,0.058131678,0.293527757,0.003379292,0.206400287,1.226632278,0.299780919,0.065418316,0.258736156,0.286182952,0.317382478,1,15,15,89.2,89.2
"Hess",NA,NA,NA,NA,2018,NA,19.1,292.2,1306.666667,29.67857143,20.9,2.2426,0.7,595.1,NA,0.14318794,78.1006857,17.03236294,474.9954575,770.827144,0.113886664,65.667707,-149.096146,NA,NA,NA,3400,NA,NA,NA,NA,NA,NA,44.027276382959,NA,"Burn_Streams","Interior","ppt_gw",1727.16165,0,45.53594589,7.112290536,4.88634492,38,219.734194292,"225 SW",0.336956547905938,0.316952333015825,99.89,2011,0.34,5.812762131,1988,32.38,559.2549481,0,0,8.45,0,0,0,0,0,0,0,0,0,0,0,0,6.18,0,0,0,0,0,0,0,0,65.6656671,-149.096,"ppt_gw",0.33,-0.925614295,-0.816577487,-0.761724512,-18.98535858,-3.004331924,16.99179734,51.01,-0.000239277,0.000795059,5.965742844,0.032145033,-0.002304079,2e-05,0.234371796,0.229451648,0.029267405,0.127553694,0.000856581,0.2313107,0.803625836,0.283196991,0.16601211,0.196293267,0.219725062,0.249014021,1,30,7,0,0
"Hutlinana",NA,NA,NA,"2019-07-02",2019,183,9.2,276.3,262.66666665,22.542857145,24.0656644007559,4.10569533635119,14.9928571428571,192.1194572191,0.392857142857143,0.11125,NA,NA,NA,NA,NA,NA,NA,NA,NA,NA,NA,NA,NA,7.15714285928576,NA,NA,36.6999334530836,11.6518800150521,17.0721138955432,"Burn_Streams","Interior","ppt_gw",225.1303929,0,46.85043335,14.70761682,8.304190963,39,203.607512548,"225 SW",0.841141091033361,1.32707702511362,27.33,2010,22.63,50.9474533,2010,22.63,50.9474533,0,0,15.8,0,0,0,66.07,0,0,0,0,0,0,0,0,0,0,0,0,0,0,0,0,0,65.15657996,-150.153,"ppt_gw",0.03,-1.003721286,-0.792908575,-0.676291975,-42.9833272,-6.989580917,39.01291456,38.32,-0.000273919,0.000876291,5.574151148,0.033237099,-0.000854528,0.000806427,0.223629341,0.222966046,0.030369282,0.136205858,0.000922293,0.225024778,0.797690379,0.291009555,0.151368805,0.192385008,0.225588663,0.262680919,1,9,9,0,0
"Idaho",NA,NA,NA,"2019-07-03",2019,184,8.8,177.3,97.25,30.810714285,567.770005359208,10.3905674281503,31.5571428571429,602.597513200477,0.464285714285714,NA,NA,NA,NA,NA,NA,NA,NA,NA,NA,NA,NA,NA,NA,0,NA,NA,NA,3.15636953757173,3.03702877537363,"Burn_Streams","Interior","ppt_gw",14.01219071,0.590975225,39.92558289,16.58748482,5.467464211,40,199.129775553,"180 SO",0.0651563193101952,1.84305343127535,56.55,2011,4.16,0.583100009,1990,47.62,6.673302006,99.84,0,0,0,0,0,0,0,0,0,0,0,0,0,0,0,0,0,0,0,0,0,0,99.84,65.35295751,-146.163,"ppt_gw",0.04,-1.035560555,-0.80057919,-0.645156062,-54.97430159,3.020670592,50.98668298,46.17,0.001170851,0.001123391,5.886663839,0.047195875,0.00156054,-0.002848879,0.224603666,0.226410148,0.042199802,0.186386531,0.001780823,0.23030931,1.179896868,0.315407474,0.155254303,0.229512406,0.256850078,0.290043828,1,29,8,99.84,99.84
"Jenny_M",NA,NA,NA,"2019-07-01",2019,182,9,176.5,719.66666665,48.957142855,7.17287676642315,11.617012317086,29.8714285714286,359.836484414921,6.46428571428571,0.8045,NA,NA,NA,NA,NA,NA,NA,NA,NA,NA,NA,NA,NA,12.6214285692857,NA,NA,57.0194303045309,14.699931913541,19.8060415433458,"Burn_Streams","Interior","ppt_gw",34.5033178,0.012155886,29.67406654,9.801087917,4.839785157,41,195.81348352,"180 SO",0.885327768550694,0.0762974939082759,0,1940,0,0,1940,0,0,0,0,38.28,0,0,0,0,0,0,39.17,0,0,0,0,0,0,0,0,0,0,0,0,0,39.17,64.87989566,-146.986,"ppt_gw",0.08,-0.926466094,-0.793580446,-0.699518098,-27.5101588,-1.494588902,28.49508038,24.72,-0.000275155,0.001150997,7.413938178,0.066770229,-0.002864462,-0.000707283,0.252920652,0.239159296,0.055493968,0.232037681,0.003079581,0.245513237,2.003106882,0.336923292,0.131817187,0.217791064,0.256867058,0.303682271,1,79,79,0,39.17
"Jim_River",NA,NA,NA,NA,2018,NA,10.6,59.6,155.8333333,14.61428571,5.5,0.5,9.527280353,102.6,NA,0.094710597,44.41779613,13.50592457,55.01522546,187.9782634,NA,66.8573985,-150.5672848,NA,NA,NA,880,NA,NA,NA,NA,NA,NA,10.6630824381221,NA,"Burn_Streams","Interior","ppt_gw",574.8170914,0,47.54866791,14.17700932,8.400673988,42,275.469712822,"270 WE",0.0445808486558218,1.06118371108047,13.66,2009,0.02,0.099025672,2005,13.64,1.518453236,0,35.88,21.51,29.23,0,0,0,0,0,0,0,0,0,0,0,0,0,0,0,0,0,0,0,35.88,66.88442188,-150.523,"ppt_gw",0.06,-1.066582375,-0.894311363,-0.761757823,-37.97868787,-6.024738494,33.97361809,37.43,0.001296569,0.001047685,5.524587515,0.037576898,0.002929759,-0.00170906,0.230476126,0.230191146,0.035180279,0.15283072,0.001237652,0.232863943,0.864268665,0.298840885,0.155283599,0.158213007,0.201177927,0.236308624,1,13,9,0,0
"Kanuti",NA,NA,NA,NA,2018,NA,10.8,35.8,468,17.41428571,6.5,3.2886,4.255082334,19.4,NA,0.262534858,50.18330766,7.361271081,77.41255447,73.54663656,NA,66.44344737,-150.6311583,NA,NA,NA,890,NA,NA,NA,NA,NA,NA,26.8744872912735,NA,"Burn_Streams","Interior","ppt_gw",426.7838402,0,36.2032547,6.328627173,4.440531764,43,233.48416677,"225 SW",0.876115202911232,0.0657809035147252,24.32,2017,0.01,0.036536809,2004,24.25,103.4805601,0,41.91,0,37.48,0,0,0,0,0,0,0,0,0,0,0,0,0,0,0,0,0,0,0,41.91,66.44081473,-150.632,"ppt_gw",0.42,-0.910998114,-0.839482085,-0.784728341,-16.49733909,-1.468177461,14.5016706,43.06,0.001737087,0.001199547,5.440454228,0.049499076,0.001464622,0.00072092,0.233401276,0.236541488,0.038240338,0.161664402,0.001462323,0.239612602,1.08897967,0.310550512,0.16699535,0.196300718,0.219727095,0.243156748,1,14,1,0,0
"Kokomo",65.175,-147.2764,NA,"2018-08-08",2018,220,NA,NA,520.33333335,30.585714285,5.1843285475,NA,13.58928571,313.5240917,NA,NA,NA,NA,NA,NA,3.681292551,NA,NA,NA,NA,NA,NA,NA,NA,NA,NA,NA,NA,17.0122995494398,NA,"Burn_Streams","Interior","ppt_gw",86.86793479,0.04772114,38.65287018,10.28356124,5.406579289,44,286.512078173,"270 WE",0.272542436822497,1.99989587658484,100.25,2004,100,86.86793479,2004,100,86.86793479,43.27,0,0,0,0,0,0,39.75,0,0,0,0,0,0,0,0,0,0,0,0,0,0,0,43.27,65.17618143,-147.268,"ppt_gw",0.11,-0.995628471,-0.854292907,-0.753757193,-29.00376337,-1.0130691,34.99655828,40.46,-0.001728313,0.001131566,5.788086164,0.042191725,-0.002189564,-0.002005532,0.193360256,0.192936205,0.053941848,0.279583854,0.002909723,0.200334975,1.223560011,0.290040602,0.051747966,0.143568578,0.174806294,0.19628754,1,14,14,43.27,43.27
"Left_Fork_Cache_Creek",NA,NA,13063,"2019-08-12",2019,224,NA,NA,NA,NA,8.95833920965786,6.54805769028319,25.1214285714286,350.223130642139,2.25,NA,NA,NA,NA,NA,NA,NA,NA,NA,NA,NA,NA,NA,NA,NA,NA,NA,NA,NA,NA,"Burn_Streams","Interior","ppt_gw",31.22699944,0.294033587,35.24135208,13.10651432,6.160997657,93,142.900749522,"135 SE",0.0096304396600736,1.63135077574063,73.8,1958,73.8,23.04665956,1958,73.8,23.04665956,41.81,0,57.84,0,0,0,0,0,0,0,0,0,0,0,0,0,0,0,0,0,0,0,0,41.81,64.859253,-148.379064,"ppt_gw",0.03,-0.933574334,-0.768681503,-0.691113817,-41.01419655,-5.006544365,41.03342105,31.65,-0.000371467,0.000760461,6.44035743,0.038648319,-0.00139604,-0.000723962,0.215786814,0.222081291,0.033206152,0.149522509,0.001102649,0.224550102,1.08215292,0.293939344,0.163051207,0.174762207,0.211929358,0.254831409,1,61,61,41.81,41.81
"Little_Salcha",NA,NA,NA,"2019-07-08",2019,189,NA,NA,509.875,13.596428575,7.22505852819225,4.50573744604695,0.715400142857143,73.6893203883495,0.192857142857143,1.039,NA,NA,NA,NA,NA,NA,NA,NA,NA,NA,NA,NA,NA,12.6881712892857,NA,NA,40.1850659464658,37.5006566752034,561.377274941446,"Burn_Streams","Interior","ppt_gw",176.88579,0,40.39019775,10.81470394,7.544660572,45,264.830947566,"270 WE",0.852454511280144,0.0433687109943027,1.67,1997,0.06,0.105424686,1966,1.61,2.839994792,0,0,69.04,0,0,0,0,0,0,0,0,0,0,0,0,0,6.7,0,0,0,0,0,0,6.7,64.52137747,-146.949,"ppt_gw",0.09,-0.933528225,-0.807884277,-0.745944971,-26.99647894,-2.953426226,26.95893486,31.23,-0.000343281,0.000851973,6.689377298,0.054011461,0.001414606,-0.002092292,0.233400144,0.222979243,0.039133565,0.175503176,0.001531436,0.226387232,1.566332357,0.290987544,0.129882683,0.221680627,0.260731314,0.321290144,1,53,22,0,0
"Livengood",NA,NA,NA,NA,2018,NA,12.3,802.1,1108.333333,54.61428571,104.5,12.1482,3.4,1473.6,NA,1.033288547,269.2238866,31.99772259,1750.283544,1924.51359,0.143922707,NA,NA,NA,NA,NA,9570,NA,NA,NA,NA,NA,NA,20.2938355522072,NA,"Burn_Streams","Interior","ppt_gw",53.608142,0,41.3488121,8.797746307,5.645353318,47,233.145911514,"225 SW",0.745477384382351,0.000350510297429496,0,1940,0,0,1940,0,0,0,0,35.44,0,0,0,0,0,0,0,0,0,0,0,0,0,0,7.87,26.63,13.57,0,0,0,0,65.51430367,-148.571,"ppt_gw",0.09,-0.97245387,-0.831332753,-0.754022374,-23.47656951,-4.477284733,24.49437247,43.03,-0.002162533,0.000929982,6.327936437,0.040474245,-0.006186198,-0.000338945,0.236326044,0.22599773,0.042099762,0.186284005,0.00177239,0.229885545,1.092804627,0.302712116,0.104451302,0.16111499,0.192399213,0.211915793,1,78,78,0,0
"Lost",NA,NA,NA,"2019-07-02",2019,183,10,383.7,1057.16666685,42.21785714,7.42861440968794,4.4548548970067,2.85714285714286,1109.05581104866,5.17857142857143,NA,NA,NA,NA,NA,NA,NA,NA,NA,NA,NA,NA,NA,NA,34.1821428542857,NA,NA,30.9274544710837,25.0407466997743,131.558518541333,"Burn_Streams","Interior","ppt_gw",135.4207237,0,31.89691925,5.452982868,4.341060011,48,231.772002298,"225 SW",0.120842681627776,0.77848803798708,87.74,2019,22.05,29.86123062,2003,53.18,72.01840927,0,0,41.08,0,0,0,0,0,0,0,0,0,0,0,0,0,0,0,0,23.99,0,0,0,0,65.51779542,-148.799,"ppt_gw",0.38,-0.909734721,-0.814765613,-0.785186861,-9.477000535,-2.514781553,8.494966704,49.57,-0.001202913,0.000800989,6.368046591,0.036167515,-0.003255018,0.000318958,0.232419046,0.227430235,0.034392788,0.151223463,0.001182864,0.230016034,0.976522907,0.290040891,0.161128692,0.168961069,0.196285609,0.225581437,1,16,0,0,0
"Mammoth",NA,NA,NA,"2019-07-03",2019,184,12.4,288.7,316.91666665,15.271428575,8.74115025526754,5.90325297399726,8.98928571428572,877.63583716573,0.535714285714286,0.191,NA,NA,NA,NA,NA,NA,NA,NA,NA,NA,NA,NA,NA,5.74642857499999,NA,NA,55.1501967724362,20.7522606738185,33.2720909868766,"Burn_Streams","Interior","ppt_gw",101.6224997,0.076487429,40.82781982,15.64043686,6.423766794,49,57.5947715835,"045 NE",0.888923933856794,0.0807110346633642,6.81,2004,6.81,6.922097894,2004,6.81,6.922097894,75.24,0,0,0,0,21.1,0,0,0,0,0,0,0,0,0,0,0,0,0,0,0,0,0,96.34,65.55133995,-145.174,"ppt_gw",0.05,-1.121108543,-0.879129649,-0.676144067,-53.0430978,-0.995216627,51.00886049,46.29,0.000644045,0.000797682,5.582046581,0.031847554,0.000934272,-0.001775628,0.236825615,0.232585274,0.026280008,0.112990852,0.000690639,0.234065266,0.732493734,0.284182844,0.18653089,0.233393786,0.264653257,0.295901871,1,15,15,75.24,75.24
"Mckay",NA,NA,NA,"2019-07-03",2019,184,6.3,116,146.20833335,35.71071429,5.76114856288607,4.83208758816717,39.4964285714286,205.33753477545,0.192857142857143,NA,NA,NA,NA,NA,NA,NA,NA,NA,NA,NA,NA,NA,NA,0,NA,NA,NA,4.09424275758445,3.68382375038243,"Burn_Streams","Interior","ppt_gw",18.94098156,0.214392364,31.8561306,13.42792069,4.386225737,50,190.055138075,"180 SO",0.993119593835111,0.392590868204352,100,2004,100,18.94098156,2004,100,18.94098156,89.86,0,0,0,0,0,0,0,0,0,0,0,0,0,0,0,0,0,0,0,0,0,0,89.86,65.22187201,-147.162,"ppt_gw",0.03,-0.940469375,-0.792668829,-0.691775927,-45.49238281,3.470498449,43.48817554,29.96,-0.0023223,0.001554885,5.917491473,0.055169361,-0.004772997,-0.003607653,0.19728504,0.211338981,0.066734314,0.31576907,0.004453469,0.221624984,1.489572734,0.33499403,0.073224042,0.274381981,0.307659079,0.34478322,1,15,15,89.86,89.86
"McManus_Creek",NA,NA,14120,"2019-08-21",2019,233,NA,NA,NA,NA,7.8159817222802,3.83724602589746,21.4642857142857,361.611309827968,0.678571428571429,NA,NA,NA,NA,NA,NA,NA,NA,NA,NA,NA,NA,NA,NA,NA,NA,NA,NA,NA,NA,"Burn_Streams","Interior","ppt_gw",110.5818807,0.066102065,39.92558289,14.03509633,5.367280333,94,213.796519078,"225 SW",0.506674223279323,0.109957959776393,24.73,2011,4.36,0.01576214,2004,14.24,15.74978499,99.72,0,0,0,0,0,0,0,0,0,0,0,0,0,0,0,0,0,0,0,0,0,0,99.72,65.293482,-146.342532,"ppt_gw",0.07,-1.035411942,-0.839944205,-0.67608576,-44.98591646,1.016324526,43.01028839,50.1,0.000268646,0.000987204,5.375906576,0.043618338,0.000569567,-0.003056635,0.211918453,0.215036263,0.034195629,0.159022616,0.001169341,0.217738227,1.046840108,0.29588989,0.15527528,0.221699375,0.250981016,0.284174149,1,15,8,99.72,99.72
"Montana",NA,NA,NA,"2019-07-03",2019,184,9.7,104.9,103.875,24.864285715,2.74306828759202,1.89230445310033,23.4428571428571,128.013966956226,0.192857142857143,0.10375,NA,NA,NA,NA,NA,NA,NA,NA,NA,NA,NA,NA,NA,1.22857142928576,NA,NA,84.5494185554915,4.177678827803,4.39483227561198,"Burn_Streams","Interior","ppt_gw",11.01273497,0.737475514,33.22232819,14.64065816,4.776887776,51,166.740085557,"180 SO",0.45964139060196,1.91874635595501,2.45,2011,2.45,0.269735342,2011,2.45,0.269735342,100,0,0,0,0,0,0,0,0,0,0,0,0,0,0,0,0,0,0,0,0,0,0,100,65.3607767,-146.09,"ppt_gw",0.05,-0.970347083,-0.772050483,-0.6660524,-44.9404621,-1.11091684,40.95550803,49.49,-7.31e-06,0.001054903,6.208103837,0.041342031,0.001546073,-0.003311583,0.249024459,0.248324153,0.036482004,0.14691283,0.001330937,0.250989685,0.992208735,0.334988839,0.190445109,0.243148994,0.274384653,0.30371012,1,8,8,100,100
"Monument",NA,NA,NA,"2019-07-01",2019,182,10,107.7,144.04166665,37.55992143,13.537641384368,17.6123802505527,34.1464285714286,186.608754896951,1.17857142857143,0.1055,NA,NA,NA,NA,NA,NA,NA,NA,NA,NA,NA,NA,NA,2.23492142999997,NA,NA,64.450438711844,3.83498317264717,4.07761264401981,"Burn_Streams","Interior","ppt_gw",69.33099897,0.101513803,43.3535347,18.24037701,7.530253409,52,278.24430373,"270 WE",0.999145146319608,0.584744455605101,26.46,2004,26.46,18.34487198,2004,26.46,18.34487198,53.92,0,16.18,0,0,0,0,0,0,0,0,0,0,29.3,0,0,0,0,0,0,0,0,0,53.92,65.05452683,-146.057,"ppt_gw",0.04,-1.159981805,-0.934206011,-0.691003325,-54.9827065,-7.009280418,48.99318904,37.41,-0.000853063,0.000863174,6.123195473,0.044916475,-0.000794897,-0.003454966,0.209966953,0.218685553,0.036214556,0.165601045,0.001311494,0.221663856,1.212744833,0.2959205,0.157247934,0.237295308,0.282199322,0.342784723,1,15,15,53.92,53.92
"Monument_Creek_2",NA,NA,NA,"2019-07-01",2019,182,10.7,123.9,142.08333335,34.26233571,50.428736637238,51.0922202337088,27.8107142857143,190.926020553001,0.571428571428572,NA,NA,NA,NA,NA,NA,NA,NA,NA,NA,NA,NA,NA,NA,5.88019285285713,NA,NA,24.1630397004689,4.1469249076481,5.00608196023656,"Burn_Streams","Interior","ppt_gw",83.45031495,0.075889267,43.3535347,17.39780967,7.43248142,53,292.615545489,"315 NW",0.355798324937054,1.9812122334857,24.41,2004,24.41,20.36753638,2004,24.41,20.36753638,53.92,0,16.18,0,0,0,0,0,0,0,0,0,0,29.3,0,0,0,0,0,0,0,0,0,53.92,65.067179,-146.085341,"ppt_gw",0.04,-1.143970732,-0.934115671,-0.699584576,-53.01037241,-5.023757272,46.97638985,36.63,-0.001016383,0.000873054,6.234426328,0.045275303,-0.00072267,-0.003604944,0.215340566,0.222658083,0.036885198,0.165658474,0.001360518,0.225692578,1.22243317,0.301766426,0.161129284,0.241235335,0.282210765,0.338861552,1,15,15,53.92,53.92
"Moose",NA,NA,NA,NA,2019,NA,NA,130.988888888889,734.482638888889,41.0636904761905,12.2406190355306,29.4734728411958,18.4677248677249,40.2351417153895,1.68621111111111,1.16341666666667,185.974159259259,18.5343851851852,137.805177777778,448.251007407407,0.0317047123214524,NA,NA,NA,NA,NA,NA,NA,NA,20.9097544973545,NA,NA,35.1263157576439,17.886425461802,36.4436326313719,"Burn_Streams","Interior","ppt_gw",111.3046678,0,38.54627228,10.21119216,6.559047648,54,268.088054172,"270 WE",0.109018512686194,1.91668138399956,68.24,2018,0.24,0.268174567,2013,65.7,73.13156609,0,0,37.37,0,0,0,0,0,0,0,0,0,0,24.41,0,0,0,0,0,0,0,0,0,0,64.71339886,-147.051,"ppt_gw",0.09,-0.941574495,-0.815681374,-0.746584223,-24.99526481,-3.001850446,25.00489283,28.19,-0.001170615,0.000924909,6.469630647,0.048379821,-0.000243292,5.35e-05,0.227532023,0.223090712,0.041385216,0.185508466,0.001712736,0.226896897,1.35463499,0.298825275,0.143563572,0.225588968,0.258797953,0.301724161,1,6,1,0,0
"Moose_Steese",NA,NA,NA,"2019-07-03",2019,184,4.9,136.7,127.0833333,32.707142855,8.73268834795363,3.25560585324771,25.7642857142857,180.986203372509,2.39285714285714,NA,NA,NA,NA,NA,NA,NA,NA,NA,NA,NA,NA,NA,NA,4.54999999785716,NA,NA,27.9304029362308,3.88549173687828,4.513360391172,"Burn_Streams","Interior","ppt_gw",11.76751939,0.370345175,27.5342617,12.70549469,4.558029786,56,193.088847058,"180 SO",0.0186479354257682,1.68941324650036,168.15,2004,99.55,11.71427857,2004,99.55,11.71427857,89.2,0,0,0,0,0,0,10.8,0,0,0,0,0,0,0,0,0,0,0,0,0,0,0,89.2,65.229503,-146.942,"ppt_gw",0.09,-0.932527394,-0.778726467,-0.690357138,-41.46523031,7.486502907,41.50832175,33.15,0.000641078,0.001347108,5.484954375,0.053575853,-0.003400609,-0.002292511,0.191670477,0.195891228,0.055726605,0.284477288,0.003105455,0.203663516,1.446548038,0.288085844,0.063450211,0.254876342,0.280325745,0.311540594,1,15,15,89.2,89.2
"Mp_314_Richardson",NA,NA,NA,"2019-07-08",2019,189,NA,NA,1825,75.21707143,3.05192790454969,15.4305716391199,1.37142857142857,48.9059217623346,14.8214285714286,0.7315,NA,NA,NA,NA,NA,NA,NA,NA,NA,NA,NA,NA,NA,59.0242142871428,NA,NA,30.9195136613201,24.2631089632148,112.704014115571,"Burn_Streams","Interior","ppt_gw",7.909808714,0,25.92415428,8.348609316,5.556178471,57,281.996492765,"270 WE",0.107803827588886,0.818636579265198,1.73,1997,1.73,0.137095765,1997,1.73,0.137095765,0,0,77.91,0,0,0,0,0,0,17.85,0,0,0,0,0,0,0,0,0,0,0,0,0,17.85,64.3539804,-146.864,"ppt_gw",0.05,-0.943328,-0.833067521,-0.775117035,-22.49954806,-5.49601702,24.47870904,21.38,-0.000836912,0.001045174,7.415848118,0.063911074,0.00033574,-3.48e-05,0.248034002,0.247194937,0.04841424,0.195854498,0.002343939,0.251891397,1.853421137,0.325203249,0.15916687,0.211855705,0.276344106,0.32902685,1,22,22,0,17.85
"NoName",NA,NA,NA,NA,2018,NA,14.8,206.5,799.3333333,24.23571429,37.2,48.711,1.6,101.5,NA,0.863258848,219.5906956,14.63846311,185.4137144,596.879759,0.560672807,66.11638889,-150.1633056,NA,NA,NA,670,NA,NA,NA,NA,NA,NA,32.9816288364901,NA,"Burn_Streams","Interior","ppt_gw",320.2635535,0,28.99262238,4.600790005,3.597703123,59,163.767353361,"180 SO",0.623539962530698,0.0279631999191173,86.26,2015,4.5,14.40938531,2004,81.76,261.8432848,0,45.03,17.85,0,0,0,0,0,0,0,0,0,7.56,0,0,0,0,0,0,0,0,0,0,45.03,66.11640329,-150.165,"ppt_gw",0.45,-0.862226616,-0.823613528,-0.785530217,-9.495775377,-1.502455296,7.493782103,52.18,0.001210072,0.001300465,4.453050125,0.025035943,0.000621192,-0.00051175,0.204093729,0.193610875,0.040337387,0.208342568,0.001627105,0.197768237,0.550790739,0.26660316,0.096680014,0.180670616,0.204093729,0.237282108,1,14,3,0,0
"North_Fork_Chena_HSR",NA,NA,NA,"2019-07-01",2019,182,8.2,246.5,225.5,28.567785715,7.75674837108284,11.1064322560269,27.7392857142857,719.110884006132,2.14285714285714,0.17,NA,NA,NA,NA,NA,NA,NA,NA,NA,NA,NA,NA,NA,0,NA,NA,NA,7.89350642187145,7.54631289590057,NA,NA,NA,NA,NA,NA,NA,NA,NA,NA,NA,NA,NA,NA,NA,NA,NA,NA,NA,NA,NA,NA,NA,NA,NA,NA,NA,NA,NA,NA,NA,NA,NA,NA,NA,NA,NA,NA,NA,NA,NA,NA,NA,NA,NA,NA,NA,NA,NA,NA,NA,NA,NA,NA,NA,NA,NA,NA,NA,NA,NA,NA,NA,NA,NA,NA,NA,NA,NA,NA,NA,NA,NA,NA,NA,NA,NA,NA
"Pilot_Captain",NA,NA,NA,NA,2019,NA,NA,NA,410.5,28.41428571,8.755253434,NA,17.07857143,499.6631842,NA,NA,NA,NA,NA,NA,1.041249499,65.1401,-147.415393,NA,NA,NA,NA,NA,NA,NA,NA,NA,NA,14.4469582726667,NA,"Burn_Streams","Interior","ppt_gw",37.44054308,0.029782692,33.94794464,11.1827208,5.025167927,61,327.512512203,"315 NW",0.795382414340958,0.0105372906654064,99.96,2004,99.96,37.42512422,2004,99.96,37.42512422,50.42,0,6.39,0,0,0,0,40.45,0,0,0,0,0,0,0,0,0,0,0,0,0,0,0,50.42,65.14221,-147.42,"ppt_gw",0.08,-0.994108294,-0.904462121,-0.818028972,-38.50554347,1.50455058,41.51145252,38.13,-0.001779201,0.001283702,5.536047856,0.040392671,-0.002720888,-0.00108555,0.196270255,0.190898202,0.057758987,0.302564332,0.003336101,0.19944479,1.130994792,0.282238904,0.047838056,0.213848456,0.245106176,0.28028734,1,15,15,50.42,50.42
"Pioneer",NA,NA,NA,"2019-07-02",2019,183,14,352,321.79166665,13.625,10.2657038896567,6.23486682808717,1.82142857142857,574.00953840913,2.03571428571429,0.2505,NA,NA,NA,NA,NA,NA,NA,NA,NA,NA,NA,NA,NA,9.76785714285714,NA,NA,32.9439366223035,23.6177370018349,83.4274691314814,"Burn_Streams","Interior","ppt_gw",56.02766765,0.025731029,39.70580292,13.23487481,6.708323831,62,191.391490743,"180 SO",0.694953647113252,1.63155534677139,4.86,2010,4.07,2.279719547,2010,4.07,2.279719547,0,0,46.39,0,0,0,15.62,0,0,0,0,0,0,0,0,0,0,0,0,0,0,0,0,0,65.16942452,-150.217,"ppt_gw",0.04,-0.941012363,-0.761821083,-0.683367589,-38.99591628,-3.034358474,32.98381763,28.13,-0.000939719,0.001259235,6.622939598,0.052621465,-0.000428477,-0.001159849,0.254378586,0.254728446,0.046800968,0.183728864,0.002190331,0.258992108,1.315536632,0.353540473,0.149417627,0.215823576,0.24706017,0.291997224,1,9,9,0,0
"Poker",NA,NA,NA,NA,2019,NA,NA,124.411112121212,208.703703703704,25.8944444444444,5.6384509068344,3.95304768923044,20.9833333333334,94.463470913791,0.914433333333333,0.08525,64.1505,22.5811,159.046933333333,365.002933333333,0.0250300360432519,NA,NA,NA,NA,NA,NA,NA,NA,3.99667777777767,NA,NA,52.219296953119,8.05978688407354,9.53082142488062,NA,NA,NA,NA,NA,NA,NA,NA,NA,NA,NA,NA,NA,NA,NA,NA,NA,NA,NA,NA,NA,NA,NA,NA,NA,NA,NA,NA,NA,NA,NA,NA,NA,NA,NA,NA,NA,NA,NA,NA,NA,NA,NA,NA,NA,NA,NA,NA,NA,NA,NA,NA,NA,NA,NA,NA,NA,NA,NA,NA,NA,NA,NA,NA,NA,NA,NA,NA,NA,NA,NA,NA,NA,NA,NA,NA,NA,NA
"Poker_PJ",NA,NA,NA,"0019-07-25",2019,206,8.9,121.8,189.3333333,23.11684286,5.82837371543546,5.26371196968102,17.5761904761905,98.9235223982286,2,0.2295,NA,NA,NA,NA,NA,NA,NA,NA,NA,NA,NA,NA,NA,3.5406523838095,NA,NA,53.4741377509335,8.19027643379499,9.67161274458768,"Burn_Streams","Interior","ppt_gw",61.80866334,0.051719263,31.88703537,11.54780238,4.778428947,64,204.492273212,"225 SW",0.433259326645929,1.93839963922202,33.12,2016,0.15,0.094662179,2004,32.97,20.37575143,23.04,0,66.18,0,0,0,0,0,0,0,0,0,0,0,0,0,0,0,0,0,0,0,0,23.04,65.15326833,-147.485,"ppt_gw",0.05,-1.01352575,-0.775616719,-0.681156229,-35.48910395,5.475488292,37.51082599,36.89,-0.001549297,0.000859534,6.487327809,0.036602075,-0.002025024,-0.001427476,0.221214288,0.231690279,0.037549858,0.162069197,0.001409992,0.234713394,0.988256019,0.317382366,0.168946531,0.217779496,0.247071561,0.299819561,1,15,3,23.04,23.04
"Pool",NA,NA,NA,"2019-07-10",2019,191,NA,NA,166.2916667,16.336264285,5.18573886554029,3.96883882513949,14.7607142857143,985.414182705956,1.28571428571429,NA,NA,NA,NA,NA,NA,NA,NA,NA,NA,NA,NA,NA,NA,0.289835713571406,NA,NA,573.744569469804,10.1792958168955,10.3631575063432,"Burn_Streams","Interior","ppt_gw",42.26135377,0.102533057,41.22977448,13.9200728,6.020353492,65,282.250189549,"270 WE",0.198195885457994,0.577619968332811,71.37,2004,71.08,30.03769058,2004,71.08,30.03769058,99.49,0,0,0,0,0,0,0,0,0,0,0,0,0,0,0,0,0,0,0,0,0,0,99.49,65.27851834,-146.319,"ppt_gw",0.07,-1.114019062,-0.877844985,-0.730098854,-47.00015278,-3.001869768,40.97110731,43.35,-0.000151269,0.00146111,4.657337652,0.044651392,-0.000254635,-0.003505489,0.192399514,0.194055736,0.04745078,0.2445214,0.002251577,0.199772884,1.026982022,0.278321016,0.08692607,0.22557437,0.258751249,0.291997189,1,15,15,99.49,99.49
"Ptarmigan_E_Creek",NA,NA,NA,"2019-07-03",2019,184,9.4,126.8,146.29166665,8.85,2.03085775533805,1.54489946310138,4.46428571428571,206.446942599216,0.192857142857143,NA,NA,NA,NA,NA,NA,NA,NA,NA,NA,NA,NA,NA,NA,4.19285714285715,NA,NA,34.8906871056218,16.5301318248588,31.412321059816,"Burn_Streams","Interior","ppt_gw",49.46307892,0.098323248,41.65371323,13.79265669,5.948042823,67,185.415144974,"180 SO",0.546777183597004,1.83624382899925,0,1940,0,0,1940,0,0,91.49,0,0,0,0,0,0,0,0,0,0,0,0,0,0,0,0,0,0,0,0,0,0,91.49,65.44070405,-145.522,"ppt_gw",0.08,-0.949256122,-0.776998047,-0.675555901,-43.00638575,-0.977586493,42.99247843,46.36,-0.000105082,0.000750151,6.272531759,0.0283937,-0.002772568,0.002096127,0.246094003,0.241251222,0.02757359,0.114294094,0.000760303,0.242821858,0.709842504,0.314443894,0.19628181,0.231483504,0.2626726,0.293938218,1,79,79,91.49,91.49
"Ptarmigan_W_Creek",NA,NA,NA,"2019-07-03",2019,184,7.7,147,191.875,15.63214286,7.93162778890362,3.86619644173071,13.3642857142857,224.161698745245,1.14285714285714,NA,NA,NA,NA,NA,NA,NA,NA,NA,NA,NA,NA,NA,NA,1.12500000285716,NA,NA,170.555555122396,12.2743888485676,13.226243229936,"Burn_Streams","Interior","ppt_gw",20.80375753,0.120495752,32.2838974,13.8225672,5.396606948,68,172.720481645,"180 SO",0.610082731945901,1.75921390118705,103.36,2004,100,20.80375753,2004,100,20.80375753,89.2,0,0,0,0,0,0,10.8,0,0,0,0,0,0,0,0,0,0,0,0,0,0,0,89.2,65.23977487,-146.826,"ppt_gw",0.05,-0.957333312,-0.777235846,-0.668126158,-47.52322072,0.489170198,44.53301967,31.13,-0.001280664,0.001256403,5.533548584,0.037242847,-0.003068913,-0.001988474,0.194332813,0.19081202,0.055662035,0.291711368,0.003098262,0.198764909,1.042799708,0.290036133,0.045872877,0.227566705,0.256795245,0.290036196,1,15,15,89.2,89.2
"Rosa",NA,NA,NA,"2019-07-08",2019,189,NA,NA,1247.0833335,54.060714285,73.0445942515443,12.2828718812507,24.6642857142857,1183.6427638676,3.32142857142857,0.639,NA,NA,NA,NA,NA,NA,NA,NA,NA,NA,NA,NA,NA,26.0749999992857,NA,NA,47.8267817271011,23.0681993383506,44.5614259035222,"Burn_Streams","Interior","ppt_gw",46.17133458,0,37.75805664,9.541852187,6.465070793,69,136.709353772,"135 SE",0.00274306218009229,1.55761032767148,0.2,2008,0.2,0.092608037,2008,0.2,0.092608037,0,0,96.82,0,0,0,0,0,0,0,0,0,0,0,0,0,0,0,0,0,0,0,0,0,64.27970646,-146.123,"ppt_gw",0.05,-0.855030421,-0.769742879,-0.706934907,-22.49866412,-2.496324437,18.4787944,38.33,-0.001853603,0.00087039,6.761586417,0.04020686,0.0002024,-0.001151712,0.221654647,0.225386214,0.04297151,0.190657225,0.001846551,0.229446064,1.165998945,0.317375506,0.157205799,0.190445386,0.211946104,0.241213866,1,11,11,0,0
"Salcha",NA,NA,NA,NA,2018,NA,13.9,195,260.6666667,30.62142857,7.3,3.0555,20.7,409.7,NA,0,56.49331932,23.97106118,293.9576355,628.8035995,0.010012014,64.46928611,-146.9291917,NA,NA,NA,1050,NA,NA,NA,NA,NA,NA,8.51255734539363,NA,"Burn_Streams","Interior","ppt_gw",5739.239937,0,54.05810547,15.10915643,8.711464884,70,263.586107495,"270 WE",0.276886351464094,0.417709441710974,16.96,2017,0.35,20.23399105,2004,4.3,240.6834604,0,0,0,0,0,0,0,0,0,0,0,0,0,0,0,0,0,0,0,0,0,0,0,0,64.46970188,-146.931,"ppt_gw",0.08,-1.035043989,-0.831886485,-0.70704166,-45.98092496,-5.946776781,41.98671676,43.77,0.000116077,0.00095926,4.810672511,0.039133553,-0.002042343,-0.001302119,0.205075988,0.209159674,0.029169137,0.139458702,0.000850839,0.211183825,0.860938172,0.255854137,0.166027189,0.128971278,0.183638793,0.222604226,0.999901671,14,1,0,0
"SFkChena",NA,NA,NA,NA,2018,NA,NA,NA,NA,NA,5.143429329,NA,17.121428575,153.80321225,NA,NA,NA,NA,NA,NA,0.3141269525,NA,NA,NA,NA,NA,NA,NA,NA,NA,NA,NA,NA,NA,NA,"Burn_Streams","Interior","ppt_gw",328.4813813,0,41.64373398,13.54633185,6.959076928,71,14.1215342216,"000 NO",0.992749813288136,0.389089371497266,92.73,2018,3.17,10.4061265,2017,22.27,73.16187172,0,0,34.9,0,0,0,0,0,0,0,0,0,0,8.32,0,0,7.94,0,0,0,0,0,0,7.94,64.75625982,-146.473,"ppt_gw",0.06,-1.035344463,-0.839367909,-0.714702881,-40.99830601,-5.006233073,40.99862291,33.08,-0.000754227,0.000785426,6.064487334,0.038794503,0.00033782,-0.000937366,0.220701239,0.224610642,0.031146964,0.138670917,0.000970133,0.226759948,1.008657084,0.282226196,0.168952898,0.1611368,0.200196936,0.235349744,1,1,0,0,0
"SFkKoyukuk",NA,NA,NA,NA,2018,NA,11.6,820,305.8333333,17.3,7.6,2.5995,5.802238461,457.4,NA,0.08387382,39.72652519,9.861835505,329.6204102,759.0219127,NA,67.01879023,-150.2905003,NA,NA,NA,820,NA,NA,NA,NA,NA,NA,17.6782273583815,NA,"Burn_Streams","Interior","ppt_gw",1785.272914,0,62.66843796,12.7041314,9.647055584,72,294.429786888,"315 NW",0.0701218388543987,0.950723767536584,20.01,2015,0.94,16.82845579,2005,17.05,287.0101174,0,0,30.6,27.04,0,0,0,0,0,0,0,0,0,0,0,0,0,0,0,0,6.75,0,0,6.75,67.01879023,-150.2905003,"ppt_gw",0.13,-1.050725969,-0.886532059,-0.808996022,-29.9726289,-5.961791131,21.95832471,45.93,0.001263332,0.000975773,5.186594545,0.042120903,0.002460428,-0.00124345,0.210945191,0.216108106,0.032866119,0.152081843,0.001080182,0.21859299,0.96878078,0.283206368,0.157228726,0.150425113,0.185551669,0.212871348,0.999998234,13,3,0,0
"Slate",NA,NA,NA,NA,2018,NA,10.9,192.8,113.4166667,10.09285714,4.2,1.7445,5.402530269,706.5,NA,0.078023338,18.09464523,6.634713945,374.3664848,528.8420442,NA,67.25713001,-150.1735839,NA,NA,NA,910,NA,NA,NA,NA,NA,NA,11.2373201291542,NA,"Burn_Streams","Interior","ppt_gw",187.1033822,0,46.85171509,12.91215231,8.515814514,73,226.985194287,"225 SW",0.796851725914202,0.0110719111566352,0,1940,0,0,1940,0,0,0,0,28.35,0,0,0,0,0,0,0,0,0,0,0,0,0,0,0,0,0,43.39,0,0,43.39,67.25500833,-150.1732833,"ppt_gw",0.1,-1.013042962,-0.862246711,-0.745257052,-29.00460899,-5.003394249,22.99077329,33.22,0.001215403,0.000992847,6.007808537,0.043982238,0.002725812,-0.001401918,0.240238202,0.240312341,0.035436797,0.14746141,0.001255767,0.24291107,1.055573716,0.30567043,0.170910779,0.167004402,0.202143316,0.235345555,1,78,78,0,0
"Smith",NA,NA,NA,"2019-07-10",2019,191,NA,NA,158.875,10.592678575,5.16317377936987,5.15580587430256,7.61785714285714,958.712314767501,0.928571428571429,0.119,NA,NA,NA,NA,NA,NA,NA,NA,NA,NA,NA,NA,NA,2.04625000357143,NA,NA,77.6420279646704,14.9985670645161,18.5896364396155,"Burn_Streams","Interior","ppt_gw",42.42594268,0.14659825,31.20541573,11.75264512,4.705233345,74,82.3673894853,"090 EA",0.753245674957775,0.000985647273427093,100.82,2004,100,42.42594267,2004,100,42.42594267,97.42,0,0,0,0,0,0,0,0,0,0,0,0,0,0,0,0,0,0,0,0,0,0,97.42,65.26957283,-146.33,"ppt_gw",0.11,-1.042577324,-0.848094806,-0.682708981,-38.49669662,5.506924333,41.4959924,40.69,-0.000565359,0.001604177,4.643527453,0.03906008,-0.000595288,-0.002086484,0.203118401,0.193480311,0.05223114,0.26995584,0.002728092,0.200406393,0.898381849,0.284178521,0.061510197,0.217789117,0.241206161,0.266624158,1,15,15,97.42,97.42
"Stiles",NA,NA,NA,"2019-07-01",2019,182,12.2,232.5,217.5833333,12.53014286,5.97504677554321,8.0604975962382,15.2047619047619,589.882094664925,0.607142857142857,0.1535,NA,NA,NA,NA,NA,NA,NA,NA,NA,NA,NA,NA,NA,0,NA,NA,NA,17.3647927027705,13.7607288037946,"Burn_Streams","Interior","ppt_gw",51.57996867,0,37.90473938,13.57520395,6.850621699,76,174.033643039,"180 SO",0.0564146078976554,1.82280370439367,134.33,1958,97.44,50.26007046,1958,97.44,50.26007046,24.28,0,58.04,0,0,0,0,0,0,0,0,0,0,0,0,0,0,0,0,0,0,6.01,0,24.28,64.9413632,-146.266,"ppt_gw",0.05,-0.893300943,-0.778023067,-0.683817229,-43.02703149,-2.988345189,43.0039367,21.25,-0.002316985,0.00100174,8.165912615,0.059150298,-0.002929999,-0.002658091,0.295912569,0.281583194,0.047669407,0.169290667,0.002272372,0.285589683,1.656208342,0.354479205,0.19239857,0.286134415,0.319327447,0.366230728,1,61,61,24.28,24.28
"Stuart",NA,NA,NA,NA,2019,NA,NA,139.133728571429,369.263888888889,20.1119047619048,5.53959433884969,9.39121411276375,10.3680272108844,134.16684635651,1.52610476190476,0.282333333333333,115.724866666667,29.7074333333333,216.836504761905,422.926847619048,0.0250300360432519,NA,NA,NA,NA,NA,NA,NA,NA,8.21777278911564,NA,NA,44.9347893115243,18.3604632808492,31.0458879835598,"Burn_Streams","Interior","ppt_gw",124.9586498,0,39.85313797,13.65744347,6.616127134,77,89.7883765615,"090 EA",0.9975952357128,0.621114559733606,194.8,2019,2.53,2.681543382,2013,67.35,84.1616829,0,0,73.12,0,0,0,0,0,0,0,0,0,0,14.27,0,0,0,0,0,0,0,0,0,0,64.75127861,-146.48,"ppt_gw",0.08,-1.019587574,-0.815941264,-0.683758017,-41.00642331,-4.983449198,38.98482841,28.71,-0.000602521,0.001156156,6.118099615,0.060994717,0.000526351,-0.0002348,0.223616089,0.226596282,0.045269708,0.199781337,0.002049346,0.231074061,1.585862639,0.29492507,0.133806172,0.241219503,0.274414997,0.311527335,1,6,0,0,0
"Tatalina",NA,NA,NA,NA,2018,NA,9.9,225.9,1359.166667,32.28571429,6,2.9504,4.3,416.7,NA,0.370436223,109.8330821,9.009281955,433.6018924,512.2119578,1.330346416,65.32961944,-148.3068278,NA,NA,NA,1500,NA,NA,NA,NA,NA,NA,42.0980826006064,NA,"Burn_Streams","Interior","ppt_gw",223.5283982,0.002788999,41.90652466,7.20426343,4.635987634,78,251.684658714,"270 WE",0.600499014476637,0.0401505111420054,60.71,2018,0.1,0.234319539,1957,28.43,63.54522419,0,0,47.12,0,0,0,18.96,0,0,0,0,0,0,0,8.52,0,0,0,0,0,0,0,0,0,65.3285885,-148.311,"ppt_gw",0.13,-0.958003941,-0.824581782,-0.753455996,-18.49122694,-3.506515958,15.49960874,47.14,-0.000395998,0.000628371,6.107389759,0.033499682,-0.002328687,0.001367186,0.221687343,0.226199621,0.024665143,0.109041487,0.000608369,0.227540409,0.870991737,0.278314951,0.184567309,0.194344842,0.211910185,0.231441009,1,61,0,0,0
"Tenderfoot",NA,NA,NA,"2019-07-08",2019,189,NA,NA,1310,76.69985714,47.4741206667983,20.362669754711,37.5821428571429,1036.28569806393,3.89285714285714,NA,NA,NA,NA,NA,NA,NA,NA,NA,NA,NA,NA,NA,NA,35.22485714,NA,NA,37.1896469244276,17.0795624509295,31.585292344786,"Burn_Streams","Interior","ppt_gw",18.53891422,0.23163107,30.95885658,9.743382291,5.09778206,79,209.084696111,"225 SW",0.999951594974004,0.54462539271731,0,1940,0,0,1940,0,0,0,0,85.23,0,0,0,0,0,0,0,0,0,0,0,0,0,0,0,0,0,0,0,0,0,64.26656221,-146.206,"ppt_gw",0.02,-0.896546708,-0.7835913,-0.716241345,-28.49893589,-3.480612619,26.49926523,25.43,-0.001934994,0.001445955,8.133803439,0.083794091,0.000607632,-0.00247735,0.290997632,0.271126781,0.068310137,0.251949056,0.004666275,0.279599725,2.430028625,0.377991777,0.157230827,0.233416358,0.292001464,0.33887369,1,79,79,0,0
"Tolovana",NA,NA,NA,NA,2018,NA,14.1,218.3,1046.666667,24.55714286,13.3,2.5279,1.235714286,330,NA,0.354673626,116.8094728,13.31664527,479.2340393,435.2793908,0.713356027,65.47018611,-148.2666944,NA,NA,NA,1920,NA,NA,NA,NA,NA,NA,42.6216792795088,NA,"Burn_Streams","Interior","ppt_gw",362.5525281,0,41.17634583,7.15902214,4.636068523,80,227.819777915,"225 SW",0.997474088361801,0.44591196992978,107.69,2011,7.01,25.40574473,2005,36.39,131.9245107,0,0,7.32,0,0,0,16.05,0,0,0,0,0,0,0,0,0,0,0,0,0,0,0,0,0,65.47025263,-148.271,"ppt_gw",0.26,-0.926882854,-0.815861377,-0.744883684,-19.50345062,-3.507913214,19.49993939,53.02,-0.000980648,0.000740827,5.820341115,0.035002453,-0.003830992,0.000703138,0.20995276,0.215568189,0.029845032,0.13844822,0.000890726,0.217624379,0.910063779,0.280268114,0.165044496,0.174814018,0.196295299,0.217759574,1,13,7,0,0
"Unknown_Mp_76",NA,NA,NA,"2019-07-03",2019,184,7.2,137.7,74.02916667,17.84642857,4.0560742391335,2.47131276976524,17.65,185.494804973599,0.192857142857143,0.0535,NA,NA,NA,NA,NA,NA,NA,NA,NA,NA,NA,NA,NA,0.00357142714285885,NA,NA,20728.1749588601,4.14812220717616,4.14895249551641,"Burn_Streams","Interior","ppt_gw",2.832164586,0.941439986,31.51003456,14.74812863,4.700479322,82,193.156749983,"180 SO",0.0105784921434466,1.63867554740819,95.27,2004,95.09,2.693217463,2004,95.09,2.693217463,100,0,0,0,0,0,0,0,0,0,0,0,0,0,0,0,0,0,0,0,0,0,0,100,65.35092753,-146.202,"ppt_gw",0.03,-0.850092757,-0.704758258,-0.627275311,-38.81904297,5.052379679,43.07119026,32.2,-0.000295349,0.001838467,5.331708128,0.051833616,-0.000465767,-0.003958651,0.221633261,0.213268325,0.063615788,0.298289902,0.004046968,0.222554144,1.244006772,0.33495899,0.049819795,0.251088668,0.278294998,0.307659669,1,15,15,100,100
"US_Creek",NA,NA,NA,"2019-07-03",2019,184,6.4,130,161.6666667,14.3,9.29822582009985,3.44773134014107,10.1285714285714,151.941747572816,0.607142857142857,0.228,NA,NA,NA,NA,NA,NA,NA,NA,NA,NA,NA,NA,NA,3.56428571428574,NA,NA,45.3573814388774,11.3053613076923,15.0587713493014,"Burn_Streams","Interior","ppt_gw",13.08908803,0.165191412,30.71328926,12.85671755,5.163748868,0,0,NA,0,0,100,2004,100,13.08908803,2004,100,13.08908803,89.2,0,0,0,0,0,0,10.8,0,0,0,0,0,0,0,0,0,0,0,0,0,0,0,89.2,NA,NA,NA,NA,NA,NA,NA,NA,NA,NA,NA,NA,NA,NA,NA,NA,NA,NA,NA,NA,NA,NA,NA,NA,NA,NA,NA,NA,NA,NA,15,15,89.2,89.2
"Vault",NA,NA,NA,NA,2019,NA,NA,498.83729,2721.43518518519,79.95,26.1713972147504,4.4460820437239,18.3181818181818,1332.99864832681,1.36560606060606,0.819722222222222,295.52606969697,37.0500636363636,2035.52451818182,1686.0745969697,0.227545782211381,NA,NA,NA,NA,NA,NA,NA,NA,60.2662121212121,NA,NA,45.1568978603073,34.0392143237672,138.257697245251,"Burn_Streams","Interior","ppt_gw",35.21501723,0.03353354,32.16846466,9.408608243,4.798148946,97,16.7865587197,"000 NO",0.101073413215086,1.90601784503099,0,1940,0,0,1940,0,0,80.32,0,10.49,0,0,0,0,0,0,0,0,0,0,0,0,0,0,0,0,0,0,0,0,80.32,0,0,"ppt_gw",0.09,-0.963375398,-0.845977652,-0.756247227,-30.53264057,-7.492508928,31.53289493,40.67,0.000341206,0.000654036,6.247095281,0.035990562,0.001813275,-0.001374694,0.223618177,0.215417079,0.028576585,0.132657007,0.000816621,0.217304254,1.00773574,0.272422637,0.151368079,0.207998922,0.229493954,0.256832419,1,79,79,80.32,80.32
"Wafer_Creek",NA,NA,NA,"2019-07-02",2019,183,8.9,426,1083.75,42.514285715,5.74281443037261,6.61122223391936,12.975,995.287571680009,4.85714285714286,NA,NA,NA,NA,NA,NA,NA,NA,NA,NA,NA,NA,NA,NA,24.6821428578571,NA,NA,43.9082621894398,25.4914314511846,60.7750851191668,"Burn_Streams","Interior","ppt_gw",6.144630615,0.092504829,24.67330551,8.513710565,4.478741635,86,207.037642788,"225 SW",0.27697721618976,0.41754437178286,32.48,2019,32.48,1.996063159,2019,32.48,1.996063159,0,0,46.99,0,0,0,18.84,0,0,0,0,0,0,0,0,0,0,28.68,0,0,0,0,0,0,65.47269121,-148.358,"ppt_gw",0.09,-0.906591085,-0.767564208,-0.712326961,-25.47670228,-7.505667167,25.52011952,31.5,-0.001020768,0.000833802,6.767444473,0.046466042,-0.004868245,0.001385657,0.229476045,0.233360154,0.037241287,0.159587171,0.001386913,0.236313087,1.301049169,0.313397415,0.159657442,0.172348203,0.193809612,0.209466695,1,0,0,0,0
"Washington",NA,NA,NA,NA,2018,NA,8.9,261.4,590.8333333,19.69285714,5.1,3.6708,6.2,218.1,NA,0.232159426,72.01252093,15.17560478,570.2248114,650.9850513,0.749649579,65.15086111,-147.8565556,NA,NA,NA,1120,NA,NA,NA,NA,NA,NA,30.0024180899532,NA,"Burn_Streams","Interior","ppt_gw",121.1759294,0,31.06692505,7.767930656,4.13930366,87,220.355896414,"225 SW",0.642756119106085,0.0193745097213589,26.74,2016,0.13,0.154496853,1975,13.25,16.05235368,19.78,0,58.82,0,8.2,0,0,0,0,0,0,0,0,0,0,0,0,0,0,0,0,0,0,19.78,65.14955202,-147.861,"ppt_gw",0.11,-0.934671967,-0.808099408,-0.745441781,-22.51492169,-2.51337605,23.49009549,50.39,-0.001062017,0.000427584,6.152271451,0.018589497,-0.001736377,-0.000863123,0.217769579,0.21972398,0.01958983,0.08915654,0.000383761,0.220595533,0.501916406,0.25682159,0.180666171,0.182619186,0.211902019,0.239245513,1,43,2,19.78,19.78
"West_Fork_Chena",NA,NA,NA,"2019-07-01",2019,182,8.1,137.5,202.4166667,24.00645,4.67238315516317,3.40562164438362,21.5178571428571,377.756202804747,0.192857142857143,NA,NA,NA,NA,NA,NA,NA,NA,NA,NA,NA,NA,NA,NA,2.29573571428576,NA,NA,88.1707181886898,8.43176174319818,9.32335362329332,"Burn_Streams","Interior","ppt_gw",402.8209696,0.011932998,45.20520401,16.4429227,7.161905389,88,179.811375308,"180 SO",0.223598468082694,1.99510187297858,53.36,2015,0.23,0.936558937,2004,34.38,79.43814968,93.55,0,0,0,0,0,0,0,0,0,0,0,0,0,0,0,0,0,0,0,0,0,0,93.55,65.05584568,-146.183,"ppt_gw",0.07,-1.090231503,-0.85525345,-0.691491334,-54.98607894,-2.999356627,51.00093396,43.28,-0.000269591,0.000924717,5.446295844,0.037108325,-0.000468297,-0.002237822,0.206549712,0.209472917,0.034036364,0.162485748,0.001158474,0.212220115,0.927708117,0.279295176,0.153332751,0.224637686,0.259754204,0.298816275,1,15,4,93.55,93.55
"West_Fork_Tolovana",NA,NA,NA,"2019-07-02",2019,183,14.6,262.8,751.66666665,19.39642857,282.395001833413,7.06916517528161,0.0593717142857143,221.665815022994,0.821428571428571,0.17475,NA,NA,NA,NA,NA,NA,NA,NA,NA,NA,NA,NA,NA,18.5156282842857,NA,NA,40.5963359767782,38.7528386443567,853.390579954723,"Burn_Streams","Interior","ppt_gw",752.596966,0,45.27081299,8.784217432,6.836258574,89,156.168559437,"135 SE",0.0623772786257713,0.981855492854006,55.06,2019,3.97,29.86562427,1981,15.65,117.7543903,0,0,0,0,0,0,33.37,0,0,0,0,0,0,0,0,0,0,0,0,7.84,0,0,0,0,65.46630952,-148.668,"ppt_gw",0.24,-0.902025347,-0.800551501,-0.7380974,-20.99406808,-2.999759306,20.99476239,49,-0.000262985,0.000806492,5.791870469,0.036703067,-0.001223117,0.000128424,0.232413966,0.231674819,0.027955495,0.120666953,0.00078151,0.233355376,0.880873613,0.287095591,0.173803524,0.189482083,0.220683422,0.251932522,1,38,0,0,0
"WFkDall",NA,NA,NA,NA,2018,NA,9.1,92.7,1165.833333,30.65,10.8,2.6169,0.035,161.4,NA,0.791270028,51.48397427,5.540052123,172.0930905,385.7458041,NA,66.29935316,-150.3857832,NA,NA,NA,1860,NA,NA,NA,NA,NA,NA,38.0369766068516,NA,"Burn_Streams","Interior","ppt_gw",39.63331121,0,31.98947525,4.336945427,2.460836377,90,97.9354661108,"090 EA",0.309339863537233,1.99544489084822,30.13,2004,30.13,11.94305097,2004,30.13,11.94305097,0,98.73,0,0,0,0,0,0,0,0,0,0,0,0,0,0,0,0,0,0,0,0,0,98.73,66.26827643,-150.347,"ppt_gw",0.44,-0.900059521,-0.824967343,-0.7828854,-11.48389025,-3.508768473,10.50343818,54.94,-0.000107754,0.000959237,5.661953372,0.041860981,-0.001442663,-4.4e-05,0.235350088,0.235914724,0.031153389,0.1320536,0.000970534,0.237962792,0.96280256,0.290032727,0.176752432,0.19238635,0.213847007,0.252921344,1,14,14,0,0
"Willow",NA,NA,NA,"2019-07-03",2019,184,9.8,227.9,151.5,14.410714285,2.70922065833639,2.59764185703758,9.54285714285714,363.668313177766,0.535714285714286,0.14,NA,NA,NA,NA,NA,NA,NA,NA,NA,NA,NA,NA,NA,4.33214285642857,NA,NA,34.9711459249746,10.5130111529374,15.0318922749823,"Burn_Streams","Interior","ppt_gw",8.293741003,1.038536549,29.98233223,13.39961836,4.368390205,91,202.558564509,"225 SW",0.98694337426661,0.343824575700402,13.91,1996,13.91,1.153610261,1996,13.91,1.153610261,94.88,0,0,0,0,0,0,0,0,0,0,0,0,0,0,0,0,0,0,0,0,0,0,94.88,65.40953755,-145.685,"ppt_gw",0.03,-0.946300404,-0.790826849,-0.67339664,-40.92005956,3.079165993,43.002149,47.83,-0.000255194,0.000795281,6.389609816,0.038649524,0.000357295,-0.003249552,0.233428737,0.236652215,0.031035447,0.131143699,0.000963199,0.238678591,1.004887627,0.303677405,0.186998106,0.233411276,0.260729783,0.286111461,1,23,23,94.88,94.88
"Wolverine",NA,NA,NA,"2019-07-15",2019,196,NA,NA,220.29166665,54.185914285,17.0324091050123,4.12938204021476,53.5607142857143,484.045875205814,0.571428571428572,NA,NA,NA,NA,NA,NA,NA,NA,NA,NA,NA,NA,NA,NA,0.0537714278571357,NA,NA,4096.81638425687,4.06547844687715,4.06951683459787,"Burn_Streams","Interior","ppt_gw",21.05233854,0.454341322,40.01792145,19.40463799,6.890780157,92,77.2847626022,"090 EA",0.993543927350725,0.679900044618002,93.4,2004,92.16,19.40210268,2004,92.16,19.40210268,0,0,0,0,0,0,0,0,0,0,0,0,0,0,0,0,0,0,0,0,0,0,96.94,96.94,64.429546,-144.985264,"ppt_gw",0.02,-1.144492391,-0.84746364,-0.652333313,-58.95099004,4.998692666,63.03629563,33.67,-0.000412183,0.001351427,5.394638306,0.051836145,-0.00206242,-0.001860885,0.186548102,0.192665654,0.055762853,0.289428093,0.003109496,0.200573054,1.399575905,0.309622099,0.075187503,0.272470865,0.309622099,0.336892772,1,15,15,96.94,96.94
